<?xml version="1.0"?>
<pagescount>
	<html_total>10</html_total>
	<html_done>10</html_done>
	<img>93</img>
	<js>7</js>
	<css>2</css>
	<pdf/>
	<doc/>
	<xls/>
	<ppt/>
	<swf/>
	<mp3/>
	<mp4/>
	<xml/>
	<json/>
	<txt/>
	<fonts>16</fonts>
	<scraping_reload>1</scraping_reload>
	<is_pretty_url>false</is_pretty_url>
	<is_ebn>false</is_ebn>
	<theme_name>399488</theme_name>
	<server_url_front_page>https://www6.waybackmachinedownloader.com/wdo/files/demo/pcjs.org_iawmoderation_gmail.com_672duhm3ez/</server_url_front_page>
	<no_www_url>pcjs.org</no_www_url>
	<hosted_domain/>
	<original_archive_url>https://www.pcjs.org</original_archive_url>
	<final_archive_url>https://www.pcjs.org/</final_archive_url>
	<front_page_code_date/>
	<total_urls_from_api/>
	<search_url_added>false</search_url_added>
	<total_size>6864</total_size>
</pagescount>
